{"cameraMode":{"drawMode":0,"name":"Shaded","section":"Shading Mode"},"sceneLighting":false,"audioPlay":false,"sceneViewState":{"m_AlwaysRefresh":false,"showFog":true,"showSkybox":false,"showFlares":true,"showImageEffects":true,"showParticleSystems":true,"showVisualEffectGraphs":true,"m_FxEnabled":true},"in2DMode":false,"pivot":{"x":0.21083295345306397,"y":12.509488105773926,"z":-0.04747962951660156},"rotation":{"x":-0.22444094717502595,"y":0.060470376163721088,"z":-0.013948391191661358,"w":-0.9725250601768494},"size":13.23095417022705,"orthographic":false}