{"cameraMode":{"drawMode":0,"name":"Shaded","section":"Shading Mode"},"sceneLighting":false,"audioPlay":false,"sceneViewState":{"m_AlwaysRefresh":false,"showFog":true,"showSkybox":false,"showFlares":true,"showImageEffects":true,"showParticleSystems":true,"showVisualEffectGraphs":true,"m_FxEnabled":true},"in2DMode":false,"pivot":{"x":-1.9618639945983887,"y":14.012646675109864,"z":1.2793066501617432},"rotation":{"x":0.017995070666074754,"y":-0.02099505625665188,"z":0.0003779543039854616,"w":0.9996180534362793},"size":5.759372711181641,"orthographic":false}